{"O": [-46671.18526974634, -5032.058034512426, -14823.208706102563], "Ux": [-328.25497258846923, 66.4624220194504, -78.53291940486987], "Uy": [-24.541668090180778, -184.77069285818638, -53.791240811652244], "n": [-0.2710033277149939, -0.23570356982650176, 0.9332743559845857], "w": 344.0, "h": 194.0}